{"Samples":[{"Velocity":4.2113802136928511,"Eye":{"Timestamp":"11405319174","Validity":"Valid","GazePoint2D":{"X":0.28889894932508464,"Y":0.21405317187309264},"GazePoint3D":{"X":-107.17722053527832,"Y":252.1033981323242,"Z":81.116386413574219},"EyePosition3D":{"X":-10.591608047485352,"Y":-34.041991043090817,"Z":783.09370727539056},"PupilDiameter":3.1100921630859375}},{"Velocity":4.439355279423391,"Eye":{"Timestamp":"11405335808","Validity":"Valid","GazePoint2D":{"X":0.28875637516379349,"Y":0.21106796622276303},"GazePoint3D":{"X":-107.25257724761963,"Y":253.0301118469238,"Z":81.453679275512684},"EyePosition3D":{"X":-10.593091773986815,"Y":-34.0401076889038,"Z":783.07574829101554},"PupilDiameter":3.1160659790039062}},{"Velocity":5.0182742862369443,"Eye":{"Timestamp":"11405352445","Validity":"Valid","GazePoint2D":{"X":0.28881890948116773,"Y":0.20808598485589025},"GazePoint3D":{"X":-107.2195225791931,"Y":253.95582026672361,"Z":81.79060100555418},"EyePosition3D":{"X":-10.606003055572508,"Y":-34.030947849273673,"Z":783.07276257324213},"PupilDiameter":3.1283340454101562}}],"Timestamp":"11405319174","EndTimestamp":"11405352445","Duration":"00:00:00.0332710","Position":null,"AverageSample":null,"MovementType":"Unknown"}